"id","W","Y"
1,0,101.118341402454
2,0,100.260663210198
3,0,98.17806108328
4,0,95.9297398376106
5,0,104.905280474858
6,1,106.557138585987
7,1,112.515850307013
8,1,104.721907442867
9,1,102.420074730801
10,1,106.796821013886
